Signal Date,Ticker,Condition,Signal RSI,Entry Price,Days After,Date,Close,Return %
2026-09-29,FICO,OVERSOLD,16.53,617.87,0,2026-09-29,617.87,0.0
2026-09-29,FICO,OVERSOLD,16.53,617.87,1,2026-09-30,592.47,-4.11
2026-09-29,FICO,OVERSOLD,16.53,617.87,2,2026-10-01,661.75,7.1
2026-09-29,FICO,OVERSOLD,16.53,617.87,3,2026-10-02,661.25,7.02
2026-09-29,FICO,OVERSOLD,16.53,617.87,4,2026-10-05,689.61,11.61
2026-09-29,FICO,OVERSOLD,16.53,617.87,5,2026-10-06,695.46,12.56
2026-09-29,FICO,OVERSOLD,16.53,617.87,6,2026-10-07,673.35,8.98
2026-09-29,GEN,OVERSOLD,19.41,20.85,0,2026-09-29,20.85,0.0
2026-09-29,GEN,OVERSOLD,19.41,20.85,1,2026-09-30,22.02,5.61
2026-09-29,GEN,OVERSOLD,19.41,20.85,2,2026-10-01,22.25,6.71
2026-09-29,GEN,OVERSOLD,19.41,20.85,3,2026-10-02,21.99,5.47
2026-09-29,GEN,OVERSOLD,19.41,20.85,4,2026-10-05,22.28,6.86
2026-09-29,GEN,OVERSOLD,19.41,20.85,5,2026-10-06,22.8,9.35
2026-09-29,GEN,OVERSOLD,19.41,20.85,6,2026-10-07,21.93,5.18
2026-09-29,MGM,EXTREME OVERSOLD,12.94,31.52,0,2026-09-29,31.52,0.0
2026-09-29,MGM,EXTREME OVERSOLD,12.94,31.52,1,2026-09-30,31.05,-1.49
2026-09-29,MGM,EXTREME OVERSOLD,12.94,31.52,2,2026-10-01,30.47,-3.33
2026-09-29,MGM,EXTREME OVERSOLD,12.94,31.52,3,2026-10-02,30.48,-3.3
2026-09-29,MGM,EXTREME OVERSOLD,12.94,31.52,4,2026-10-05,30.17,-4.28
2026-09-29,MGM,EXTREME OVERSOLD,12.94,31.52,5,2026-10-06,30.54,-3.11
2026-09-29,MGM,EXTREME OVERSOLD,12.94,31.52,6,2026-10-07,29.83,-5.35
2026-09-29,O,OVERSOLD,16.16,54.87,0,2026-09-29,54.87,0.0
2026-09-29,O,OVERSOLD,16.16,54.87,1,2026-09-30,54.3,-1.04
2026-09-29,O,OVERSOLD,16.16,54.87,2,2026-10-01,53.53,-2.44
2026-09-29,O,OVERSOLD,16.16,54.87,3,2026-10-02,54.13,-1.35
2026-09-29,O,OVERSOLD,16.16,54.87,4,2026-10-05,53.77,-2.0
2026-09-29,O,OVERSOLD,16.16,54.87,5,2026-10-06,54.25,-1.13
2026-09-29,O,OVERSOLD,16.16,54.87,6,2026-10-07,53.96,-1.66
2026-09-29,PAYX,OVERSOLD,19.65,99.31,0,2026-09-29,99.31,0.0
2026-09-29,PAYX,OVERSOLD,19.65,99.31,1,2026-09-30,98.5,-0.82
2026-09-29,PAYX,OVERSOLD,19.65,99.31,2,2026-10-01,100.84,1.54
2026-09-29,PAYX,OVERSOLD,19.65,99.31,3,2026-10-02,98.94,-0.37
2026-09-29,PAYX,OVERSOLD,19.65,99.31,4,2026-10-05,99.78,0.47
2026-09-29,PAYX,OVERSOLD,19.65,99.31,5,2026-10-06,101.02,1.72
2026-09-29,PAYX,OVERSOLD,19.65,99.31,6,2026-10-07,101.68,2.39
2026-09-30,EFX,OVERSOLD,19.53,137.24,0,2026-09-30,137.24,0.0
2026-09-30,EFX,OVERSOLD,19.53,137.24,1,2026-10-01,139.73,1.81
2026-09-30,EFX,OVERSOLD,19.53,137.24,2,2026-10-02,140.0,2.01
2026-09-30,EFX,OVERSOLD,19.53,137.24,3,2026-10-05,142.6,3.91
2026-09-30,EFX,OVERSOLD,19.53,137.24,4,2026-10-06,142.48,3.82
2026-09-30,EFX,OVERSOLD,19.53,137.24,5,2026-10-07,141.21,2.89
2026-09-30,FICO,OVERSOLD,15.74,592.47,0,2026-09-30,592.47,0.0
2026-09-30,FICO,OVERSOLD,15.74,592.47,1,2026-10-01,661.75,11.69
2026-09-30,FICO,OVERSOLD,15.74,592.47,2,2026-10-02,661.25,11.61
2026-09-30,FICO,OVERSOLD,15.74,592.47,3,2026-10-05,689.61,16.4
2026-09-30,FICO,OVERSOLD,15.74,592.47,4,2026-10-06,695.46,17.38
2026-09-30,FICO,OVERSOLD,15.74,592.47,5,2026-10-07,673.35,13.65
2026-09-30,MGM,EXTREME OVERSOLD,12.32,31.05,0,2026-09-30,31.05,0.0
2026-09-30,MGM,EXTREME OVERSOLD,12.32,31.05,1,2026-10-01,30.47,-1.87
2026-09-30,MGM,EXTREME OVERSOLD,12.32,31.05,2,2026-10-02,30.48,-1.84
2026-09-30,MGM,EXTREME OVERSOLD,12.32,31.05,3,2026-10-05,30.17,-2.83
2026-09-30,MGM,EXTREME OVERSOLD,12.32,31.05,4,2026-10-06,30.54,-1.64
2026-09-30,MGM,EXTREME OVERSOLD,12.32,31.05,5,2026-10-07,29.83,-3.91
2026-09-30,O,EXTREME OVERSOLD,13.82,54.3,0,2026-09-30,54.3,0.0
2026-09-30,O,EXTREME OVERSOLD,13.82,54.3,1,2026-10-01,53.53,-1.42
2026-09-30,O,EXTREME OVERSOLD,13.82,54.3,2,2026-10-02,54.13,-0.31
2026-09-30,O,EXTREME OVERSOLD,13.82,54.3,3,2026-10-05,53.77,-0.98
2026-09-30,O,EXTREME OVERSOLD,13.82,54.3,4,2026-10-06,54.25,-0.09
2026-09-30,O,EXTREME OVERSOLD,13.82,54.3,5,2026-10-07,53.96,-0.64
2026-09-30,PAYX,OVERSOLD,19.77,98.5,0,2026-09-30,98.5,0.0
2026-09-30,PAYX,OVERSOLD,19.77,98.5,1,2026-10-01,100.84,2.38
2026-09-30,PAYX,OVERSOLD,19.77,98.5,2,2026-10-02,98.94,0.45
2026-09-30,PAYX,OVERSOLD,19.77,98.5,3,2026-10-05,99.78,1.3
2026-09-30,PAYX,OVERSOLD,19.77,98.5,4,2026-10-06,101.02,2.56
2026-09-30,PAYX,OVERSOLD,19.77,98.5,5,2026-10-07,101.68,3.23
2026-09-30,WY,OVERSOLD,18.92,19.05,0,2026-09-30,19.05,0.0
2026-09-30,WY,OVERSOLD,18.92,19.05,1,2026-10-01,18.59,-2.41
2026-09-30,WY,OVERSOLD,18.92,19.05,2,2026-10-02,18.47,-3.04
2026-09-30,WY,OVERSOLD,18.92,19.05,3,2026-10-05,18.49,-2.94
2026-09-30,WY,OVERSOLD,18.92,19.05,4,2026-10-06,18.6,-2.36
2026-09-30,WY,OVERSOLD,18.92,19.05,5,2026-10-07,18.39,-3.49
2026-10-01,BNY,OVERSOLD,19.4,143.92,0,2026-10-01,143.92,0.0
2026-10-01,BNY,OVERSOLD,19.4,143.92,1,2026-10-02,145.4,1.03
2026-10-01,BNY,OVERSOLD,19.4,143.92,2,2026-10-05,143.75,-0.12
2026-10-01,BNY,OVERSOLD,19.4,143.92,3,2026-10-06,143.73,-0.13
2026-10-01,BNY,OVERSOLD,19.4,143.92,4,2026-10-07,141.12,-1.94
2026-10-01,CTVA,EXTREME OVERSOLD,5.81,12.57,0,2026-10-01,12.57,0.0
2026-10-01,CTVA,EXTREME OVERSOLD,5.81,12.57,1,2026-10-02,11.92,-5.17
2026-10-01,CTVA,EXTREME OVERSOLD,5.81,12.57,2,2026-10-05,12.39,-1.43
2026-10-01,CTVA,EXTREME OVERSOLD,5.81,12.57,3,2026-10-06,13.91,10.66
2026-10-01,CTVA,EXTREME OVERSOLD,5.81,12.57,4,2026-10-07,14.19,12.93
2026-10-01,EFX,OVERSOLD,19.99,139.73,0,2026-10-01,139.73,0.0
2026-10-01,EFX,OVERSOLD,19.99,139.73,1,2026-10-02,140.0,0.19
2026-10-01,EFX,OVERSOLD,19.99,139.73,2,2026-10-05,142.6,2.05
2026-10-01,EFX,OVERSOLD,19.99,139.73,3,2026-10-06,142.48,1.97
2026-10-01,EFX,OVERSOLD,19.99,139.73,4,2026-10-07,141.21,1.06
2026-10-01,FRT,OVERSOLD,18.96,108.03,0,2026-10-01,108.03,0.0
2026-10-01,FRT,OVERSOLD,18.96,108.03,1,2026-10-02,106.69,-1.24
2026-10-01,FRT,OVERSOLD,18.96,108.03,2,2026-10-05,105.97,-1.91
2026-10-01,FRT,OVERSOLD,18.96,108.03,3,2026-10-06,106.2,-1.69
2026-10-01,FRT,OVERSOLD,18.96,108.03,4,2026-10-07,105.7,-2.16
2026-10-01,HYG,OVERSOLD,15.96,76.9,0,2026-10-01,76.9,0.0
2026-10-01,HYG,OVERSOLD,15.96,76.9,1,2026-10-02,76.91,0.01
2026-10-01,HYG,OVERSOLD,15.96,76.9,2,2026-10-05,76.98,0.1
2026-10-01,HYG,OVERSOLD,15.96,76.9,3,2026-10-06,77.27,0.48
2026-10-01,HYG,OVERSOLD,15.96,76.9,4,2026-10-07,77.06,0.2
2026-10-01,LVS,OVERSOLD,18.27,36.69,0,2026-10-01,36.69,0.0
2026-10-01,LVS,OVERSOLD,18.27,36.69,1,2026-10-02,36.23,-1.25
2026-10-01,LVS,OVERSOLD,18.27,36.69,2,2026-10-05,36.61,-0.22
2026-10-01,LVS,OVERSOLD,18.27,36.69,3,2026-10-06,36.31,-1.04
2026-10-01,LVS,OVERSOLD,18.27,36.69,4,2026-10-07,35.76,-2.55
2026-10-01,MGM,EXTREME OVERSOLD,11.53,30.47,0,2026-10-01,30.47,0.0
2026-10-01,MGM,EXTREME OVERSOLD,11.53,30.47,1,2026-10-02,30.48,0.03
2026-10-01,MGM,EXTREME OVERSOLD,11.53,30.47,2,2026-10-05,30.17,-0.98
2026-10-01,MGM,EXTREME OVERSOLD,11.53,30.47,3,2026-10-06,30.54,0.23
2026-10-01,MGM,EXTREME OVERSOLD,11.53,30.47,4,2026-10-07,29.83,-2.08
2026-10-01,O,EXTREME OVERSOLD,12.8,53.53,0,2026-10-01,53.53,0.0
2026-10-01,O,EXTREME OVERSOLD,12.8,53.53,1,2026-10-02,54.13,1.12
2026-10-01,O,EXTREME OVERSOLD,12.8,53.53,2,2026-10-05,53.77,0.45
2026-10-01,O,EXTREME OVERSOLD,12.8,53.53,3,2026-10-06,54.25,1.35
2026-10-01,O,EXTREME OVERSOLD,12.8,53.53,4,2026-10-07,53.96,0.79
2026-10-01,WY,OVERSOLD,16.84,18.59,0,2026-10-01,18.59,0.0
2026-10-01,WY,OVERSOLD,16.84,18.59,1,2026-10-02,18.47,-0.65
2026-10-01,WY,OVERSOLD,16.84,18.59,2,2026-10-05,18.49,-0.54
2026-10-01,WY,OVERSOLD,16.84,18.59,3,2026-10-06,18.6,0.05
2026-10-01,WY,OVERSOLD,16.84,18.59,4,2026-10-07,18.39,-1.1
2026-10-02,CTVA,EXTREME OVERSOLD,6.3,11.92,0,2026-10-02,11.92,0.0
2026-10-02,CTVA,EXTREME OVERSOLD,6.3,11.92,1,2026-10-05,12.39,3.94
2026-10-02,CTVA,EXTREME OVERSOLD,6.3,11.92,2,2026-10-06,13.91,16.69
2026-10-02,CTVA,EXTREME OVERSOLD,6.3,11.92,3,2026-10-07,14.19,19.09
2026-10-02,LVS,OVERSOLD,18.93,36.23,0,2026-10-02,36.23,0.0
2026-10-02,LVS,OVERSOLD,18.93,36.23,1,2026-10-05,36.61,1.05
2026-10-02,LVS,OVERSOLD,18.93,36.23,2,2026-10-06,36.31,0.22
2026-10-02,LVS,OVERSOLD,18.93,36.23,3,2026-10-07,35.76,-1.31
2026-10-02,MGM,EXTREME OVERSOLD,11.89,30.48,0,2026-10-02,30.48,0.0
2026-10-02,MGM,EXTREME OVERSOLD,11.89,30.48,1,2026-10-05,30.17,-1.02
2026-10-02,MGM,EXTREME OVERSOLD,11.89,30.48,2,2026-10-06,30.54,0.2
2026-10-02,MGM,EXTREME OVERSOLD,11.89,30.48,3,2026-10-07,29.83,-2.12
2026-10-02,WY,OVERSOLD,19.19,18.47,0,2026-10-02,18.47,0.0
2026-10-02,WY,OVERSOLD,19.19,18.47,1,2026-10-05,18.49,0.11
2026-10-02,WY,OVERSOLD,19.19,18.47,2,2026-10-06,18.6,0.7
2026-10-02,WY,OVERSOLD,19.19,18.47,3,2026-10-07,18.39,-0.46
2026-10-05,CTVA,EXTREME OVERSOLD,6.32,12.39,0,2026-10-05,12.39,0.0
2026-10-05,CTVA,EXTREME OVERSOLD,6.32,12.39,1,2026-10-06,13.91,12.27
2026-10-05,CTVA,EXTREME OVERSOLD,6.32,12.39,2,2026-10-07,14.19,14.57
2026-10-05,MGM,EXTREME OVERSOLD,13.42,30.17,0,2026-10-05,30.17,0.0
2026-10-05,MGM,EXTREME OVERSOLD,13.42,30.17,1,2026-10-06,30.54,1.23
2026-10-05,MGM,EXTREME OVERSOLD,13.42,30.17,2,2026-10-07,29.83,-1.11
2026-10-05,WY,OVERSOLD,19.7,18.49,0,2026-10-05,18.49,0.0
2026-10-05,WY,OVERSOLD,19.7,18.49,1,2026-10-06,18.6,0.59
2026-10-05,WY,OVERSOLD,19.7,18.49,2,2026-10-07,18.39,-0.57
2026-10-06,CTVA,EXTREME OVERSOLD,8.22,13.91,0,2026-10-06,13.91,0.0
2026-10-06,CTVA,EXTREME OVERSOLD,8.22,13.91,1,2026-10-07,14.19,2.05
2026-10-06,MGM,OVERSOLD,15.9,30.54,0,2026-10-06,30.54,0.0
2026-10-06,MGM,OVERSOLD,15.9,30.54,1,2026-10-07,29.83,-2.31
2026-10-06,WY,OVERSOLD,16.81,18.6,0,2026-10-06,18.6,0.0
2026-10-06,WY,OVERSOLD,16.81,18.6,1,2026-10-07,18.39,-1.16
2026-10-07,CTVA,EXTREME OVERSOLD,9.05,14.19,0,2026-10-07,14.19,0.0
2026-10-07,LVS,OVERSOLD,18.92,35.76,0,2026-10-07,35.76,0.0
2026-10-07,MGM,EXTREME OVERSOLD,13.88,29.83,0,2026-10-07,29.83,0.0
2026-10-07,PCAR,OVERSOLD,17.41,106.61,0,2026-10-07,106.61,0.0
2026-10-07,RTX,OVERSOLD,19.22,180.18,0,2026-10-07,180.18,0.0
2026-10-07,WY,OVERSOLD,18.23,18.39,0,2026-10-07,18.39,0.0
