Time,Ticker,Price,TF,RSI,RSI Dir,Price %,Candle,Signal
2026-09-29 00:00,FICO,,1d,16.93,Falling,-24.96%,🔴,OVERSOLD
2026-09-29 00:00,GEN,,1d,18.94,Falling,-1.32%,🔴,OVERSOLD
2026-09-29 00:00,MGM,,1d,13.73,Rising,0.13%,🟢,EXTREME OVERSOLD
2026-09-29 00:00,O,,1d,16.52,Falling,-0.17%,🔴,OVERSOLD
2026-09-29 00:00,PAYX,,1d,19.65,Falling,-1.00%,🔴,OVERSOLD
2026-09-29 00:00,FICO,,1d,16.53,Falling,-26.52%,🔴,OVERSOLD
2026-09-29 00:00,GEN,,1d,19.41,Rising,0.00%,➖,OVERSOLD
2026-09-29 00:00,MGM,,1d,12.94,Falling,-1.07%,🔴,EXTREME OVERSOLD
2026-09-29 00:00,O,,1d,16.16,Falling,-0.38%,🔴,OVERSOLD
2026-09-30 00:00,FICO,,1d,16.13,Falling,-2.06%,🔴,OVERSOLD
2026-09-30 00:00,MGM,,1d,12.73,Falling,-0.51%,🔴,EXTREME OVERSOLD
2026-09-30 00:00,O,,1d,14.69,Falling,-0.90%,🔴,EXTREME OVERSOLD
2026-09-30 00:00,EFX,137.72,1d,19.74,Falling,-2.21%,🔴,OVERSOLD
2026-09-30 00:00,FICO,598.5,1d,15.92,Falling,-3.13%,🔴,OVERSOLD
2026-09-30 00:00,MGM,31.08,1d,12.36,Falling,-1.41%,🔴,EXTREME OVERSOLD
2026-09-30 00:00,O,54.44,1d,14.18,Falling,-1.26%,🔴,EXTREME OVERSOLD
2026-09-30 00:00,WY,19.23,1d,19.67,Falling,-1.66%,🔴,OVERSOLD
2026-09-30 00:00,EFX,137.37,1d,19.59,Falling,-2.46%,🔴,OVERSOLD
2026-09-30 00:00,FICO,591.95,1d,15.73,Falling,-4.20%,🔴,OVERSOLD
2026-09-30 00:00,MGM,31.0,1d,12.27,Falling,-1.67%,🔴,EXTREME OVERSOLD
2026-09-30 00:00,O,54.29,1d,13.81,Falling,-1.53%,🔴,EXTREME OVERSOLD
2026-09-30 00:00,PAYX,98.65,1d,19.9,Falling,-0.66%,🔴,OVERSOLD
2026-09-30 00:00,WY,19.12,1d,19.23,Falling,-2.17%,🔴,OVERSOLD
