Date,Ticker,Index,Side,Zone Low,Zone High,Close,Touches,Last Touch,Pattern,Score
2026-10-07,TKO,S&P 500,Support,174.31,183.69,178.64,9,2026-10-07,Bullish Engulfing,95.0
2026-10-07,AIG,S&P 500,Support,74.32,76.57,75.66,8,2026-10-07,Bullish Engulfing,85.0
2026-10-07,HBAN,S&P 500,Support,14.77,15.37,15.17,8,2026-10-07,"Doji, Dragonfly Doji",85.0
2026-10-07,MAS,S&P 500,Resistance,69.36,72.22,68.87,8,2026-10-07,Doji,85.0
2026-10-07,SO,S&P 500,Support,85.88,88.34,85.44,8,2026-10-07,Doji,85.0
2026-10-07,VLTO,S&P 500,Support,94.88,97.65,95.73,8,2026-10-07,Doji,85.0
2026-10-07,WM,S&P 500,Support,209.03,215.09,208.94,8,2026-10-07,Doji,85.0
2026-10-07,AIG,S&P 500,Support,72.46,75.01,75.66,7,2026-10-07,Bullish Engulfing,75.0
2026-10-07,BRK-B,S&P 500,Resistance,500.91,510.18,506.25,7,2026-10-07,Doji,75.0
2026-10-07,LYV,S&P 500,Resistance,169.95,177.36,170.84,7,2026-10-07,Doji,75.0
2026-10-07,RSG,S&P 500,Resistance,212.86,218.34,216.18,7,2026-10-07,Doji,75.0
2026-10-07,RSG,S&P 500,Resistance,217.81,221.68,216.18,7,2026-10-07,Doji,75.0
2026-10-07,ALNY,Nasdaq-100,Support,227.07,238.79,224.41,6,2026-10-07,Doji,65.0
2026-10-07,AMCR,S&P 500,Resistance,41.8,42.75,41.26,6,2026-10-07,Evening Star,65.0
2026-10-07,HUBB,S&P 500,Support,459.87,477.59,475.41,6,2026-10-07,Hammer,65.0
2026-10-07,KKR,S&P 500,Support,81.04,89.13,89.67,6,2026-10-07,Doji,65.0
2026-10-07,KR,S&P 500,Support,59.81,62.22,59.25,6,2026-10-07,Doji,65.0
2026-10-07,MRSH,S&P 500,Support,172.85,178.05,173.66,6,2026-10-07,Hammer,65.0
2026-10-07,MSI,S&P 500,Resistance,438.67,451.08,448.33,6,2026-10-07,"Bearish Engulfing, Evening Star",65.0
2026-10-07,PG,S&P 500,Resistance,147.56,150.28,147.82,6,2026-10-07,Bearish Engulfing,65.0
2026-10-07,PPG,S&P 500,Support,101.24,104.48,105.08,6,2026-10-07,Doji,65.0
2026-10-07,RDDT,S&P 500,Support,148.96,162.05,152.71,6,2026-10-07,Bullish Engulfing,65.0
2026-10-07,SJM,S&P 500,Resistance,116.23,120.43,115.93,6,2026-10-07,Bearish Engulfing,65.0
2026-10-07,SRE,S&P 500,Support,78.45,80.91,79.69,6,2026-10-07,Doji,65.0
2026-10-07,TSLA,"S&P 500, Nasdaq-100",Support,375.06,398.72,377.81,6,2026-10-07,Doji,65.0
2026-10-07,WEC,S&P 500,Support,103.52,105.98,103.18,6,2026-10-07,Doji,65.0
2026-10-07,WTW,S&P 500,Support,291.01,300.39,290.67,6,2026-10-07,Doji,65.0
2026-10-07,ARES,S&P 500,Support,115.9,121.53,115.75,5,2026-10-07,Doji,55.0
2026-10-07,CHD,S&P 500,Resistance,95.51,97.6,96.75,5,2026-10-07,Doji,55.0
2026-10-07,EBAY,S&P 500,Support,103.62,107.42,107.6,5,2026-10-07,Doji,55.0
2026-10-07,ESS,S&P 500,Resistance,268.9,272.29,268.05,5,2026-10-07,Evening Star,55.0
2026-10-07,KR,S&P 500,Resistance,59.82,61.81,59.25,5,2026-10-07,"Doji, Gravestone Doji",55.0
2026-10-07,LYV,S&P 500,Resistance,165.77,170.34,170.84,5,2026-10-07,Doji,55.0
2026-10-07,MCO,S&P 500,Support,431.74,445.96,449.63,5,2026-10-07,Doji,55.0
2026-10-07,MELI,Nasdaq-100,Support,1869.18,1939.82,1872.78,5,2026-10-07,Bullish Engulfing,55.0
2026-10-07,MMM,S&P 500,Resistance,157.13,161.48,162.12,5,2026-10-07,Evening Star,55.0
2026-10-07,OKE,S&P 500,Resistance,86.86,89.84,88.05,5,2026-10-07,Bearish Engulfing,55.0
2026-10-07,PNC,S&P 500,Resistance,211.88,217.41,217.72,5,2026-10-07,Doji,55.0
2026-10-07,RDDT,S&P 500,Support,138.46,146.91,152.71,5,2026-10-07,Bullish Engulfing,55.0
2026-10-07,ROST,"S&P 500, Nasdaq-100",Support,219.94,226.56,225.53,5,2026-10-07,Bullish Engulfing,55.0
2026-10-07,TTWO,"S&P 500, Nasdaq-100",Support,203.55,213.45,204.01,5,2026-10-07,Bullish Engulfing,55.0
2026-10-07,VRSN,S&P 500,Resistance,286.52,293.14,294.22,5,2026-10-07,Shooting Star,55.0
2026-10-07,VRTX,"S&P 500, Nasdaq-100",Resistance,497.62,515.37,505.64,5,2026-10-07,Shooting Star,55.0
2026-10-07,WEC,S&P 500,Support,101.98,104.13,103.18,5,2026-10-07,Doji,55.0
2026-10-07,APD,S&P 500,Resistance,279.79,287.0,278.12,4,2026-10-07,Evening Star,45.0
2026-10-07,BDX,S&P 500,Resistance,181.04,184.72,180.16,4,2026-10-07,Doji,45.0
2026-10-07,BLK,S&P 500,Support,1047.51,1066.25,1069.63,4,2026-10-07,Hammer,45.0
2026-10-07,BRK-B,S&P 500,Support,497.62,505.88,506.25,4,2026-10-07,Doji,45.0
2026-10-07,CCEP,Nasdaq-100,Resistance,99.55,101.24,100.86,4,2026-10-07,Evening Star,45.0
2026-10-07,CMG,S&P 500,Support,29.37,30.98,30.77,4,2026-10-07,Doji,45.0
2026-10-07,CMS,S&P 500,Support,64.71,65.85,65.07,4,2026-10-07,Doji,45.0
2026-10-07,DXCM,"S&P 500, Nasdaq-100",Resistance,85.47,88.99,84.3,4,2026-10-07,Shooting Star,45.0
2026-10-07,FDS,S&P 500,Support,263.73,275.23,272.78,4,2026-10-07,Doji,45.0
2026-10-07,GPN,S&P 500,Resistance,82.08,84.04,81.08,4,2026-10-07,Shooting Star,45.0
2026-10-07,HUBB,S&P 500,Resistance,463.46,474.73,475.41,4,2026-10-07,Evening Star,45.0
2026-10-07,HUBB,S&P 500,Resistance,473.48,488.18,475.41,4,2026-10-07,Evening Star,45.0
2026-10-07,HUM,S&P 500,Resistance,409.36,424.18,396.51,4,2026-10-07,Evening Star,45.0
2026-10-07,LYB,S&P 500,Resistance,58.19,61.9,58.49,4,2026-10-07,"Bearish Engulfing, Evening Star",45.0
2026-10-07,MAS,S&P 500,Support,67.69,69.69,68.87,4,2026-10-07,Doji,45.0
2026-10-07,MPWR,"S&P 500, Nasdaq-100",Resistance,1361.82,1445.56,1425.98,4,2026-10-07,Evening Star,45.0
2026-10-07,MRSH,S&P 500,Support,163.59,168.54,173.66,4,2026-10-07,Hammer,45.0
2026-10-07,PPG,S&P 500,Support,105.06,107.64,105.08,4,2026-10-07,Doji,45.0
2026-10-07,REG,S&P 500,Resistance,70.62,72.22,70.8,4,2026-10-07,Bearish Engulfing,45.0
2026-10-07,RSG,S&P 500,Support,216.62,221.08,216.18,4,2026-10-07,Doji,45.0
2026-10-07,SJM,S&P 500,Resistance,113.52,116.2,115.93,4,2026-10-07,Bearish Engulfing,45.0
2026-10-07,SO,S&P 500,Support,84.0,85.72,85.44,4,2026-10-07,Doji,45.0
2026-10-07,SWK,S&P 500,Support,83.81,87.3,88.31,4,2026-10-07,Hammer,45.0
2026-10-07,TSLA,"S&P 500, Nasdaq-100",Support,358.7,378.36,377.81,4,2026-10-07,Doji,45.0
2026-10-07,VLTO,S&P 500,Resistance,96.01,98.74,95.73,4,2026-10-07,Doji,45.0
2026-10-07,ADI,"S&P 500, Nasdaq-100",Resistance,391.94,405.7,410.08,3,2026-10-07,Evening Star,35.0
2026-10-07,ADM,S&P 500,Resistance,82.35,84.59,81.34,3,2026-10-07,Evening Star,35.0
2026-10-07,AIG,S&P 500,Support,76.08,77.5,75.66,3,2026-10-07,Bullish Engulfing,35.0
2026-10-07,ALL,S&P 500,Resistance,217.98,223.73,223.95,3,2026-10-07,Evening Star,35.0
2026-10-07,ALL,S&P 500,Resistance,223.48,229.41,223.95,3,2026-10-07,Evening Star,35.0
2026-10-07,AMCR,S&P 500,Resistance,40.84,41.77,41.26,3,2026-10-07,Evening Star,35.0
2026-10-07,BA,S&P 500,Support,182.05,189.68,188.32,3,2026-10-07,Doji,35.0
2026-10-07,BA,S&P 500,Resistance,180.6,186.37,188.32,3,2026-10-07,Doji,35.0
2026-10-07,BA,S&P 500,Resistance,186.87,190.27,188.32,3,2026-10-07,Doji,35.0
2026-10-07,BBY,S&P 500,Support,82.52,84.74,84.59,3,2026-10-07,Doji,35.0
2026-10-07,BBY,S&P 500,Resistance,82.89,85.77,84.59,3,2026-10-07,Doji,35.0
2026-10-07,BLK,S&P 500,Support,1069.97,1095.8,1069.63,3,2026-10-07,Hammer,35.0
2026-10-07,BXP,S&P 500,Resistance,59.4,61.15,59.42,3,2026-10-07,Doji,35.0
2026-10-07,CARR,S&P 500,Resistance,53.69,55.57,55.0,3,2026-10-07,Evening Star,35.0
2026-10-07,CHD,S&P 500,Support,94.6,96.95,96.75,3,2026-10-07,Doji,35.0
2026-10-07,COR,S&P 500,Resistance,311.51,317.62,317.25,3,2026-10-07,Doji,35.0
2026-10-07,DDOG,"S&P 500, Nasdaq-100",Resistance,272.36,283.05,271.34,3,2026-10-07,Bearish Engulfing,35.0
2026-10-07,DOC,S&P 500,Resistance,18.38,18.82,18.66,3,2026-10-07,Bearish Engulfing,35.0
2026-10-07,DVA,S&P 500,Resistance,177.05,180.93,176.78,3,2026-10-07,Bearish Engulfing,35.0
2026-10-07,EBAY,S&P 500,Resistance,106.25,108.46,107.6,3,2026-10-07,Doji,35.0
2026-10-07,EBAY,S&P 500,Resistance,108.41,112.62,107.6,3,2026-10-07,Doji,35.0
2026-10-07,EL,S&P 500,Support,89.25,94.56,94.45,3,2026-10-07,Bullish Engulfing,35.0
2026-10-07,FDS,S&P 500,Resistance,265.87,276.32,272.78,3,2026-10-07,Doji,35.0
2026-10-07,GDDY,S&P 500,Resistance,95.89,99.91,97.21,3,2026-10-07,Evening Star,35.0
2026-10-07,GOOG,"S&P 500, Nasdaq-100",Support,340.19,352.1,347.37,3,2026-10-07,Bullish Engulfing,35.0
2026-10-07,HAL,S&P 500,Resistance,32.25,33.35,31.75,3,2026-10-07,"Bearish Engulfing, Evening Star",35.0
2026-10-07,HAS,S&P 500,Support,90.49,92.86,90.75,3,2026-10-07,Doji,35.0
2026-10-07,IEX,S&P 500,Resistance,228.45,233.43,232.91,3,2026-10-07,"Shooting Star, Evening Star",35.0
2026-10-07,IEX,S&P 500,Resistance,235.67,239.93,232.91,3,2026-10-07,"Shooting Star, Evening Star",35.0
2026-10-07,IFF,S&P 500,Support,84.55,87.69,84.11,3,2026-10-07,Bullish Engulfing,35.0
2026-10-07,JNJ,S&P 500,Support,259.03,265.48,258.45,3,2026-10-07,Morning Star,35.0
2026-10-07,KEYS,S&P 500,Resistance,365.91,379.23,381.42,3,2026-10-07,Doji,35.0
2026-10-07,KIM,S&P 500,Resistance,21.54,21.88,21.85,3,2026-10-07,Bearish Engulfing,35.0
2026-10-07,LUV,S&P 500,Resistance,41.02,43.04,41.72,3,2026-10-07,Doji,35.0
2026-10-07,MCK,S&P 500,Resistance,898.27,921.3,910.33,3,2026-10-07,"Bearish Engulfing, Evening Star",35.0
2026-10-07,MCO,S&P 500,Support,446.51,453.38,449.63,3,2026-10-07,Doji,35.0
2026-10-07,MMM,S&P 500,Resistance,160.94,165.31,162.12,3,2026-10-07,Evening Star,35.0
2026-10-07,MRSH,S&P 500,Support,167.45,172.06,173.66,3,2026-10-07,Hammer,35.0
2026-10-07,MTB,S&P 500,Resistance,213.9,218.43,216.63,3,2026-10-07,Doji,35.0
2026-10-07,MTD,S&P 500,Resistance,1501.86,1537.73,1533.48,3,2026-10-07,Doji,35.0
2026-10-07,NOC,S&P 500,Resistance,473.06,484.14,473.46,3,2026-10-07,Bearish Engulfing,35.0
2026-10-07,NVDA,"S&P 500, Nasdaq-100",Resistance,232.34,238.96,237.47,3,2026-10-07,Doji,35.0
2026-10-07,PAYX,"S&P 500, Nasdaq-100",Resistance,101.95,104.27,101.55,3,2026-10-07,Doji,35.0
2026-10-07,PKG,S&P 500,Resistance,225.53,233.63,227.25,3,2026-10-07,Evening Star,35.0
2026-10-07,PNC,S&P 500,Support,213.69,218.15,217.72,3,2026-10-07,Doji,35.0
2026-10-07,SBUX,"S&P 500, Nasdaq-100",Resistance,93.96,96.8,93.58,3,2026-10-07,Bearish Engulfing,35.0
2026-10-07,SMCI,S&P 500,Support,45.2,48.4,44.94,3,2026-10-07,Bullish Engulfing,35.0
2026-10-07,TMO,S&P 500,Resistance,639.02,651.97,662.06,3,2026-10-07,Doji,35.0
2026-10-07,TRGP,S&P 500,Resistance,273.85,282.41,283.96,3,2026-10-07,Evening Star,35.0
2026-10-07,TSLA,"S&P 500, Nasdaq-100",Resistance,379.8,391.07,377.81,3,2026-10-07,Doji,35.0
2026-10-07,TTWO,"S&P 500, Nasdaq-100",Support,195.04,201.42,204.01,3,2026-10-07,Bullish Engulfing,35.0
2026-10-07,UNH,S&P 500,Resistance,373.38,383.84,375.98,3,2026-10-07,Doji,35.0
2026-10-07,VLTO,S&P 500,Support,93.28,95.05,95.73,3,2026-10-07,Doji,35.0
2026-10-07,VRSN,S&P 500,Resistance,297.04,306.32,294.22,3,2026-10-07,Shooting Star,35.0
2026-10-07,VTRS,S&P 500,Resistance,17.02,17.43,17.49,3,2026-10-07,Doji,35.0
2026-10-07,WAT,S&P 500,Resistance,419.62,430.16,435.99,3,2026-10-07,Doji,35.0
2026-10-07,WELL,S&P 500,Resistance,217.98,223.29,221.12,3,2026-10-07,Bearish Engulfing,35.0
2026-10-07,WM,S&P 500,Support,205.45,208.75,208.94,3,2026-10-07,Doji,35.0
2026-10-07,WSM,S&P 500,Resistance,242.08,250.64,240.46,3,2026-10-07,Shooting Star,35.0
2026-10-07,WTW,S&P 500,Resistance,292.25,299.63,290.67,3,2026-10-07,"Doji, Gravestone Doji",35.0
